{
  "drive": {
    "p": 0.0040645,
    "i": 0,
    "d": 0.001,
    "f": 0,
    "iz": 0
  },
  "angle": {
    "p": 0.0040645,
    "i": 0,
    "d": 0.002,
    "f": 0,
    "iz": 0
  }
}